{
  "num_layers": 36,
  "correct_token": "5",
  "correct_probs": [
    6.8247318267822266e-06,
    8.702278137207031e-06,
    9.953975677490234e-06,
    8.702278137207031e-06,
    7.867813110351562e-06,
    7.987022399902344e-06,
    1.4960765838623047e-05,
    9.59634780883789e-06,
    9.238719940185547e-06,
    8.761882781982422e-06,
    1.9431114196777344e-05,
    9.238719940185547e-06,
    6.139278411865234e-06,
    9.417533874511719e-06,
    1.9073486328125e-05,
    1.8477439880371094e-05,
    2.0623207092285156e-05,
    8.821487426757812e-06,
    2.0742416381835938e-05,
    8.64267349243164e-06,
    1.4007091522216797e-05,
    8.58306884765625e-06,
    8.821487426757812e-06,
    2.3096799850463867e-06,
    1.0360963642597198e-08,
    2.5756889954209328e-09,
    1.3096723705530167e-10,
    1.3784529073745944e-12,
    6.050715484207103e-15,
    2.3310346708438345e-18,
    8.826273045769994e-15,
    5.377642775528102e-17,
    5.0090140368830305e-17,
    1.049160758270773e-14,
    1.6916601452976465e-10,
    1.545430450278218e-13,
    0.001312255859375
  ],
  "alternative_probs": {
    "4": [
      6.705522537231445e-06,
      8.64267349243164e-06,
      1.0251998901367188e-05,
      8.821487426757812e-06,
      9.000301361083984e-06,
      9.000301361083984e-06,
      1.7523765563964844e-05,
      1.1026859283447266e-05,
      1.1146068572998047e-05,
      9.5367431640625e-06,
      1.8477439880371094e-05,
      9.119510650634766e-06,
      6.020069122314453e-06,
      7.867813110351562e-06,
      1.1146068572998047e-05,
      1.3589859008789062e-05,
      2.4318695068359375e-05,
      7.808208465576172e-06,
      1.233816146850586e-05,
      7.420778274536133e-06,
      1.329183578491211e-05,
      1.049041748046875e-05,
      1.1265277862548828e-05,
      3.084540367126465e-06,
      4.889443516731262e-08,
      1.83936208486557e-08,
      2.0081643015146255e-09,
      1.0368239600211382e-10,
      2.7355895326763857e-13,
      2.0296264668928643e-16,
      2.8705926524708048e-12,
      6.88338275267597e-14,
      8.881784197001252e-13,
      6.752088665962219e-09,
      0.00070953369140625,
      4.5299530029296875e-05,
      0.055908203125
    ],
    "3": [
      6.794929504394531e-06,
      9.000301361083984e-06,
      1.0609626770019531e-05,
      9.775161743164062e-06,
      9.417533874511719e-06,
      1.1265277862548828e-05,
      2.3126602172851562e-05,
      1.4483928680419922e-05,
      1.3887882232666016e-05,
      1.424551010131836e-05,
      2.7179718017578125e-05,
      1.519918441772461e-05,
      6.705522537231445e-06,
      1.4960765838623047e-05,
      2.181529998779297e-05,
      1.6570091247558594e-05,
      2.4080276489257812e-05,
      1.1861324310302734e-05,
      2.086162567138672e-05,
      1.049041748046875e-05,
      2.8133392333984375e-05,
      4.76837158203125e-05,
      3.0517578125e-05,
      5.334615707397461e-06,
      1.1932570487260818e-08,
      5.791662260890007e-09,
      1.5570549294352531e-09,
      8.094502845779061e-11,
      3.801403636316536e-13,
      7.077671781985373e-16,
      5.7127635955112055e-12,
      3.9612757518625585e-13,
      9.549694368615746e-12,
      3.4458935260772705e-08,
      1.0,
      1.0,
      0.53125
    ],
    "6": [
      6.884336471557617e-06,
      9.179115295410156e-06,
      1.0669231414794922e-05,
      1.043081283569336e-05,
      9.47713851928711e-06,
      9.47713851928711e-06,
      1.609325408935547e-05,
      1.0371208190917969e-05,
      1.0788440704345703e-05,
      8.285045623779297e-06,
      1.430511474609375e-05,
      7.808208465576172e-06,
      5.9604644775390625e-06,
      1.3232231140136719e-05,
      1.633167266845703e-05,
      1.823902130126953e-05,
      2.6702880859375e-05,
      1.1682510375976562e-05,
      1.8835067749023438e-05,
      8.285045623779297e-06,
      1.9073486328125e-05,
      8.58306884765625e-06,
      1.1265277862548828e-05,
      1.341104507446289e-06,
      1.3154931366443634e-08,
      1.0652001947164536e-08,
      1.6589183360338211e-09,
      3.728928277269006e-11,
      7.37188088351104e-14,
      8.326672684688674e-17,
      6.972200594645983e-14,
      1.9567680809018384e-15,
      3.8163916471489756e-16,
      5.3290705182007514e-14,
      8.412825991399586e-12,
      6.314393452555578e-16,
      0.00022792816162109375
    ]
  },
  "video_name": "sweep_count_bounces_c5_f0.5_s2_d24.0_count_bounces.mp4",
  "cohort": "cohort_B",
  "prompt": "How many times did the ball bounce? Answer with a single numeric count only inside \\boxed{} with no other text.",
  "generated_response": "3"
}