{
  "num_layers": 36,
  "correct_token": "2",
  "correct_probs": [
    6.8247318267822266e-06,
    8.285045623779297e-06,
    8.940696716308594e-06,
    7.808208465576172e-06,
    7.420778274536133e-06,
    8.64267349243164e-06,
    2.0265579223632812e-05,
    1.1205673217773438e-05,
    1.3709068298339844e-05,
    1.4424324035644531e-05,
    4.124641418457031e-05,
    1.71661376953125e-05,
    9.298324584960938e-06,
    1.8358230590820312e-05,
    1.704692840576172e-05,
    1.5854835510253906e-05,
    2.181529998779297e-05,
    8.285045623779297e-06,
    1.3649463653564453e-05,
    7.152557373046875e-06,
    2.276897430419922e-05,
    3.1948089599609375e-05,
    4.315376281738281e-05,
    9.953975677490234e-06,
    1.4784745872020721e-08,
    1.5366822481155396e-08,
    1.2922100722789764e-08,
    3.4051481634378433e-09,
    3.4638958368304884e-13,
    1.680513367352532e-17,
    1.2278178473934531e-11,
    1.673470251262188e-10,
    1.4495071809506044e-12,
    1.0011717677116394e-08,
    0.99609375,
    1.0,
    0.953125
  ],
  "alternative_probs": {
    "1": [
      6.854534149169922e-06,
      9.298324584960938e-06,
      9.775161743164062e-06,
      9.47713851928711e-06,
      9.775161743164062e-06,
      1.1324882507324219e-05,
      2.7298927307128906e-05,
      1.6570091247558594e-05,
      1.811981201171875e-05,
      1.823902130126953e-05,
      6.198883056640625e-05,
      2.968311309814453e-05,
      1.609325408935547e-05,
      2.9802322387695312e-05,
      2.849102020263672e-05,
      5.435943603515625e-05,
      6.389617919921875e-05,
      1.7523765563964844e-05,
      2.586841583251953e-05,
      1.4007091522216797e-05,
      2.6226043701171875e-05,
      3.0040740966796875e-05,
      3.147125244140625e-05,
      7.62939453125e-06,
      1.025910023599863e-09,
      5.866240826435387e-11,
      4.433786671143025e-11,
      6.998845947236987e-13,
      1.0842021724855044e-17,
      1.27179019180028e-23,
      1.6623021589865644e-20,
      1.588186776101813e-20,
      4.8265665625042386e-26,
      9.774302160050425e-26,
      4.599124205794834e-22,
      3.917798799689633e-26,
      0.00011730194091796875
    ],
    "0": [
      6.765127182006836e-06,
      7.987022399902344e-06,
      7.271766662597656e-06,
      7.569789886474609e-06,
      7.808208465576172e-06,
      7.241964340209961e-06,
      1.71661376953125e-05,
      1.0907649993896484e-05,
      1.4007091522216797e-05,
      1.150369644165039e-05,
      3.0517578125e-05,
      1.3113021850585938e-05,
      8.404254913330078e-06,
      1.609325408935547e-05,
      1.4722347259521484e-05,
      2.2649765014648438e-05,
      3.0040740966796875e-05,
      1.1146068572998047e-05,
      2.110004425048828e-05,
      1.895427703857422e-05,
      4.0531158447265625e-05,
      2.2649765014648438e-05,
      1.3887882232666016e-05,
      1.2814998626708984e-06,
      1.2369127944111824e-10,
      7.003109203651547e-11,
      5.7127635955112055e-12,
      1.3677947663381929e-13,
      6.225692162319107e-20,
      4.180331708947186e-26,
      3.127776691216136e-24,
      1.5716431638507526e-23,
      5.731567514496414e-31,
      1.9351744081202946e-30,
      1.4120610203456111e-28,
      7.383573891102493e-38,
      2.2631138563156128e-07
    ],
    "3": [
      6.794929504394531e-06,
      9.000301361083984e-06,
      1.0311603546142578e-05,
      9.238719940185547e-06,
      8.702278137207031e-06,
      1.0251998901367188e-05,
      2.1457672119140625e-05,
      1.3470649719238281e-05,
      1.3172626495361328e-05,
      1.4603137969970703e-05,
      2.8371810913085938e-05,
      1.4662742614746094e-05,
      6.16908073425293e-06,
      1.4901161193847656e-05,
      2.2292137145996094e-05,
      1.704692840576172e-05,
      2.5510787963867188e-05,
      1.2040138244628906e-05,
      2.205371856689453e-05,
      9.059906005859375e-06,
      2.7418136596679688e-05,
      8.058547973632812e-05,
      6.771087646484375e-05,
      1.239776611328125e-05,
      5.180481821298599e-09,
      2.35741026699543e-09,
      3.3614924177527428e-09,
      1.4097167877480388e-10,
      4.418687638008123e-14,
      1.6127507315721878e-18,
      3.943512183468556e-13,
      5.059064278611913e-12,
      1.4988010832439613e-15,
      7.133849067031406e-12,
      0.002471923828125,
      4.1443854570388794e-08,
      0.04736328125
    ]
  },
  "video_name": "sweep_count_bounces_c2_f0.5_s9_d24.0_count_bounces.mp4",
  "cohort": "cohort_A",
  "prompt": "How many times did the ball bounce? Answer with a single numeric count only inside \\boxed{} with no other text.",
  "generated_response": "2"
}