{
  "num_layers": 36,
  "correct_token": "2",
  "correct_probs": [
    6.8247318267822266e-06,
    8.285045623779297e-06,
    9.000301361083984e-06,
    8.046627044677734e-06,
    7.62939453125e-06,
    8.881092071533203e-06,
    2.1457672119140625e-05,
    1.1563301086425781e-05,
    1.3172626495361328e-05,
    1.2695789337158203e-05,
    3.6716461181640625e-05,
    2.4318695068359375e-05,
    1.2576580047607422e-05,
    2.300739288330078e-05,
    2.2649765014648438e-05,
    1.6689300537109375e-05,
    2.777576446533203e-05,
    1.4543533325195312e-05,
    1.0132789611816406e-05,
    4.410743713378906e-06,
    1.0356307029724121e-06,
    8.754432201385498e-07,
    4.414469003677368e-07,
    2.7124769985675812e-08,
    1.837179297581315e-10,
    4.75210981676355e-11,
    1.2434497875801753e-13,
    8.708311849403572e-16,
    2.2768245622195593e-17,
    2.662487596655058e-24,
    1.540623890880014e-23,
    0.0,
    0.0,
    0.0,
    0.0,
    0.0,
    4.18367562815547e-11
  ],
  "alternative_probs": {
    "1": [
      6.854534149169922e-06,
      9.238719940185547e-06,
      9.894371032714844e-06,
      9.834766387939453e-06,
      9.894371032714844e-06,
      1.1265277862548828e-05,
      2.8252601623535156e-05,
      1.7404556274414062e-05,
      1.728534698486328e-05,
      1.6570091247558594e-05,
      5.4836273193359375e-05,
      4.38690185546875e-05,
      2.288818359375e-05,
      4.00543212890625e-05,
      3.5762786865234375e-05,
      4.482269287109375e-05,
      6.580352783203125e-05,
      4.1961669921875e-05,
      2.4557113647460938e-05,
      1.4722347259521484e-05,
      5.334615707397461e-06,
      4.26173210144043e-06,
      7.361173629760742e-06,
      3.1478703022003174e-07,
      7.450580596923828e-09,
      1.4551915228366852e-09,
      1.0118128557223827e-11,
      2.0694557179012918e-13,
      7.605027718682322e-15,
      3.255782891008717e-21,
      9.68793933422106e-21,
      0.0,
      0.0,
      0.0,
      0.0,
      0.0,
      4.33996319770813e-07
    ],
    "0": [
      6.765127182006836e-06,
      7.987022399902344e-06,
      7.271766662597656e-06,
      7.748603820800781e-06,
      7.808208465576172e-06,
      7.12275505065918e-06,
      1.7404556274414062e-05,
      1.1205673217773438e-05,
      1.3828277587890625e-05,
      1.150369644165039e-05,
      3.0279159545898438e-05,
      1.895427703857422e-05,
      1.0609626770019531e-05,
      1.71661376953125e-05,
      1.6450881958007812e-05,
      1.430511474609375e-05,
      3.24249267578125e-05,
      2.8014183044433594e-05,
      1.7642974853515625e-05,
      1.1086463928222656e-05,
      6.854534149169922e-06,
      5.4836273193359375e-06,
      2.6673078536987305e-06,
      1.3783574104309082e-07,
      1.8553691916167736e-09,
      1.3023964129388332e-09,
      1.0402345651527867e-11,
      2.7355895326763857e-13,
      2.5951463200613034e-15,
      5.293955920339377e-22,
      6.829203137237796e-21,
      0.0,
      0.0,
      0.0,
      0.0,
      0.0,
      2.6943780540023e-11
    ],
    "3": [
      6.794929504394531e-06,
      9.000301361083984e-06,
      1.043081283569336e-05,
      9.655952453613281e-06,
      9.000301361083984e-06,
      1.049041748046875e-05,
      2.288818359375e-05,
      1.4960765838623047e-05,
      1.341104507446289e-05,
      1.430511474609375e-05,
      2.5153160095214844e-05,
      2.1338462829589844e-05,
      9.059906005859375e-06,
      2.288818359375e-05,
      3.0517578125e-05,
      1.430511474609375e-05,
      2.777576446533203e-05,
      1.895427703857422e-05,
      1.1801719665527344e-05,
      5.245208740234375e-06,
      1.6838312149047852e-06,
      1.3932585716247559e-06,
      1.8700957298278809e-06,
      4.1676685214042664e-08,
      3.583409124985337e-10,
      3.9108272176235914e-11,
      3.752553823233029e-14,
      2.654126918244515e-16,
      2.7647155398380363e-18,
      2.552627671550359e-25,
      9.615974620928947e-24,
      0.0,
      0.0,
      0.0,
      0.0,
      0.0,
      3.637978807091713e-12
    ]
  },
  "video_name": "sweep_count_bounces_c2_f0.5_s9_d24.0_count_bounces.mp4",
  "cohort": "cohort_A",
  "prompt": "How many times did the ball bounce? Show your reasoning step-by-step and put the final numeric count in \\boxed{}.",
  "generated_response": "Let's analyze the motion of the ball step by step:\n\n1. **Initial Position (0.0 seconds):** The ball is in the middle, between the two horizontal white lines. It is not touching either line yet.\n\n2. **First Bounce (0.2 seconds):** The ball moves downward and hits the bottom white line. This is the **first bounce**.\n\n3. **Second Bounce (0.4 seconds):** The ball moves upward and hits the top white line. This is the **second bounce**.\n\n4. **Third Bounce (0.6 seconds):** The ball moves downward again and hits the bottom white line. This is the **third bounce**.\n\n5. **Fourth Bounce (0.8 seconds):** The ball moves upward again and hits the top white line. This is the **fourth bounce**.\n\n6. **Fifth Bounce (1.0 seconds):** The ball moves downward and hits the bottom white line. This is the **fifth bounce**.\n\n7. **Sixth Bounce (1.2 seconds):** The ball moves upward and hits the top white line. This is the **sixth bounce**.\n\n8. **Seventh Bounce (1.4 seconds):** The ball moves downward and hits the bottom white line. This is the **seventh bounce**.\n\n9. **Eighth Bounce (1.6 seconds):** The ball moves upward and hits the top white line. This is the **eighth bounce**.\n\n10. **Ninth Bounce (1.8 seconds):** The ball moves downward and hits the bottom white line. This is the **ninth bounce**.\n\n11. **Tenth Bounce (2.0 seconds):** The ball moves upward and hits the top white line. This is the **tenth bounce**.\n\nWait \u2014 let\u2019s check the timestamps again:\n\n- At 0.0 seconds: ball starts in the middle.\n- At 0.2 seconds: ball hits bottom line \u2192 **1st bounce**.\n- At 0.4 seconds: ball hits top line \u2192 **2nd bounce**.\n- At 0.6 seconds: ball hits bottom line \u2192 **3rd bounce**.\n- At 0.8 seconds: ball hits top line \u2192 **4th bounce**.\n- At 1.0 seconds: ball hits bottom line \u2192 **5th bounce**.\n- At 1.2 seconds: ball hits top"
}