{
  "num_layers": 36,
  "correct_token": "5",
  "correct_probs": [
    6.8247318267822266e-06,
    8.702278137207031e-06,
    1.0013580322265625e-05,
    9.000301361083984e-06,
    8.046627044677734e-06,
    7.987022399902344e-06,
    1.5616416931152344e-05,
    1.0251998901367188e-05,
    9.775161743164062e-06,
    8.463859558105469e-06,
    1.7642974853515625e-05,
    1.2040138244628906e-05,
    7.152557373046875e-06,
    1.2040138244628906e-05,
    1.6808509826660156e-05,
    9.715557098388672e-06,
    1.5735626220703125e-05,
    1.0788440704345703e-05,
    7.808208465576172e-06,
    2.4884939193725586e-06,
    9.052455425262451e-07,
    9.5367431640625e-07,
    1.0952353477478027e-06,
    1.0570511221885681e-07,
    3.54702933691442e-10,
    8.476490620523691e-10,
    2.2879476091475226e-12,
    9.992007221626409e-14,
    4.274358644806853e-15,
    9.595295105615121e-22,
    2.409163534060693e-23,
    1.4877350377594576e-38,
    0.0,
    0.0,
    0.0,
    0.0,
    2.0122570276726037e-11
  ],
  "alternative_probs": {
    "4": [
      6.705522537231445e-06,
      8.64267349243164e-06,
      1.043081283569336e-05,
      9.179115295410156e-06,
      9.238719940185547e-06,
      9.417533874511719e-06,
      1.9073486328125e-05,
      1.239776611328125e-05,
      1.150369644165039e-05,
      9.357929229736328e-06,
      1.7642974853515625e-05,
      1.4483928680419922e-05,
      7.62939453125e-06,
      1.1026859283447266e-05,
      1.4603137969970703e-05,
      1.138448715209961e-05,
      1.7881393432617188e-05,
      1.0073184967041016e-05,
      4.559755325317383e-06,
      3.7550926208496094e-06,
      1.4156103134155273e-06,
      1.0132789611816406e-06,
      6.556510925292969e-07,
      3.655441105365753e-08,
      7.867129170335829e-11,
      2.3305801732931286e-11,
      2.531308496145357e-14,
      4.85722573273506e-16,
      1.723881454251952e-17,
      1.039145644519741e-23,
      1.8983148823238428e-25,
      0.0,
      0.0,
      0.0,
      0.0,
      0.0,
      1.4779288903810084e-11
    ],
    "3": [
      6.794929504394531e-06,
      9.000301361083984e-06,
      1.0728836059570312e-05,
      1.0192394256591797e-05,
      9.715557098388672e-06,
      1.150369644165039e-05,
      2.4557113647460938e-05,
      1.609325408935547e-05,
      1.4007091522216797e-05,
      1.4007091522216797e-05,
      2.467632293701172e-05,
      2.2411346435546875e-05,
      9.655952453613281e-06,
      2.2530555725097656e-05,
      2.8848648071289062e-05,
      1.33514404296875e-05,
      2.5153160095214844e-05,
      1.704692840576172e-05,
      1.0609626770019531e-05,
      5.21540641784668e-06,
      1.952052116394043e-06,
      1.6838312149047852e-06,
      1.7955899238586426e-06,
      5.587935447692871e-08,
      3.1104718800634146e-10,
      6.048139766789973e-11,
      8.79296635503124e-14,
      7.528699885739343e-16,
      4.2825985813177425e-18,
      2.5461653230147883e-24,
      1.027513417155714e-24,
      0.0,
      0.0,
      0.0,
      0.0,
      0.0,
      1.6711965145077556e-11
    ],
    "6": [
      6.884336471557617e-06,
      9.119510650634766e-06,
      1.0728836059570312e-05,
      1.0728836059570312e-05,
      9.655952453613281e-06,
      9.59634780883789e-06,
      1.6570091247558594e-05,
      1.0669231414794922e-05,
      1.0728836059570312e-05,
      8.106231689453125e-06,
      1.4603137969970703e-05,
      1.1444091796875e-05,
      7.331371307373047e-06,
      1.52587890625e-05,
      1.7523765563964844e-05,
      1.3589859008789062e-05,
      2.4199485778808594e-05,
      1.5854835510253906e-05,
      8.285045623779297e-06,
      4.291534423828125e-06,
      1.2367963790893555e-06,
      1.0728836059570312e-06,
      9.685754776000977e-07,
      9.639188647270203e-08,
      4.05634636990726e-10,
      1.9372237147763371e-10,
      2.3590018827235326e-12,
      7.549516567451064e-14,
      5.412337245047638e-16,
      7.320548421094295e-23,
      3.54136699749265e-24,
      0.0,
      0.0,
      0.0,
      0.0,
      0.0,
      6.963318810448982e-12
    ]
  },
  "video_name": "sweep_count_bounces_c5_f0.5_s2_d24.0_count_bounces.mp4",
  "cohort": "cohort_B",
  "prompt": "How many times did the ball bounce? Show your reasoning step-by-step and put the final numeric count in \\boxed{}.",
  "generated_response": "Let's analyze the video frame by frame to count the bounces of the ball.\n\n### Step 1: Initial Position (0.0 seconds)\n- The ball is in the middle, between the two blue lines.\n- No bounce has occurred yet.\n\n### Step 2: First Bounce (0.4 seconds)\n- The ball moves to the right, hits the right blue line, and bounces back.\n- This is the **first bounce**.\n\n### Step 3: Second Bounce (0.5 seconds)\n- The ball moves to the left, hits the left blue line, and bounces back.\n- This is the **second bounce**.\n\n### Step 4: Third Bounce (0.7 seconds)\n- The ball moves to the right again, hits the right blue line, and bounces back.\n- This is the **third bounce**.\n\n### Step 5: Fourth Bounce (0.8 seconds)\n- The ball moves to the left again, hits the left blue line, and bounces back.\n- This is the **fourth bounce**.\n\n### Step 6: Fifth Bounce (0.9 seconds)\n- The ball moves to the right again, hits the right blue line, and bounces back.\n- This is the **fifth bounce**.\n\n### Step 7: Sixth Bounce (1.0 seconds)\n- The ball moves to the left again, hits the left blue line, and bounces back.\n- This is the **sixth bounce**.\n\n### Step 8: Seventh Bounce (1.1 seconds)\n- The ball moves to the right again, hits the right blue line, and bounces back.\n- This is the **seventh bounce**.\n\n### Step 9: Eighth Bounce (1.2 seconds)\n- The ball moves to the left again, hits the left blue line, and bounces back.\n- This is the **eighth bounce**.\n\n### Step 10: Ninth Bounce (1.3 seconds)\n- The ball moves to the right again, hits the right blue line, and bounces back.\n- This is the **ninth bounce**.\n\n### Step 11: Tenth Bounce (1.4 seconds)\n- The ball moves to the left again, hits the left blue line, and bounces back.\n- This is the **tenth bounce**.\n\n### Step 12: Eleventh Bounce (1.5 seconds)\n- The ball moves to the right"
}