{
  "train_accuracy": 0.9575971731448764,
  "probing_accuracy": 0.5161290322580645,
  "model_id": "Qwen/Qwen3-VL-8B-Instruct",
  "layer_idx": -2,
  "classification_report": {
    "Cool (GREEN/BLUE)": {
      "precision": 0.5428571428571428,
      "recall": 0.5757575757575758,
      "f1-score": 0.5588235294117647,
      "support": 33.0
    },
    "Warm (RED/YELLOW)": {
      "precision": 0.48148148148148145,
      "recall": 0.4482758620689655,
      "f1-score": 0.4642857142857143,
      "support": 29.0
    },
    "accuracy": 0.5161290322580645,
    "macro avg": {
      "precision": 0.5121693121693122,
      "recall": 0.5120167189132707,
      "f1-score": 0.5115546218487395,
      "support": 62.0
    },
    "weighted avg": {
      "precision": 0.5141491722136883,
      "recall": 0.5161290322580645,
      "f1-score": 0.5146042287882895,
      "support": 62.0
    }
  }
}