{
  "num_layers": 36,
  "correct_token": "5",
  "correct_probs": [
    6.8247318267822266e-06,
    8.761882781982422e-06,
    9.775161743164062e-06,
    8.64267349243164e-06,
    7.450580596923828e-06,
    7.271766662597656e-06,
    1.4960765838623047e-05,
    9.775161743164062e-06,
    9.655952453613281e-06,
    9.000301361083984e-06,
    2.0503997802734375e-05,
    1.2993812561035156e-05,
    7.808208465576172e-06,
    1.4185905456542969e-05,
    2.1457672119140625e-05,
    1.3232231140136719e-05,
    1.9431114196777344e-05,
    1.1622905731201172e-05,
    7.987022399902344e-06,
    3.0100345611572266e-06,
    8.67992639541626e-07,
    9.499490261077881e-07,
    1.5422701835632324e-06,
    1.601874828338623e-07,
    7.8580342233181e-10,
    5.820766091346741e-10,
    3.623767952376511e-13,
    2.8199664825478976e-14,
    7.563394355258879e-16,
    4.7356090068660834e-23,
    1.6278914455043585e-21,
    0.0,
    0.0,
    0.0,
    0.0,
    0.0,
    1.0061285138363019e-11
  ],
  "alternative_probs": {
    "4": [
      6.705522537231445e-06,
      8.64267349243164e-06,
      1.0192394256591797e-05,
      8.761882781982422e-06,
      8.58306884765625e-06,
      8.58306884765625e-06,
      1.811981201171875e-05,
      1.150369644165039e-05,
      1.138448715209961e-05,
      9.953975677490234e-06,
      1.9073486328125e-05,
      1.5854835510253906e-05,
      7.748603820800781e-06,
      1.3172626495361328e-05,
      1.8358230590820312e-05,
      1.5735626220703125e-05,
      2.288818359375e-05,
      1.1146068572998047e-05,
      4.559755325317383e-06,
      3.933906555175781e-06,
      1.259148120880127e-06,
      9.201467037200928e-07,
      6.966292858123779e-07,
      4.6566128730773926e-08,
      1.418811734765768e-10,
      1.864464138634503e-11,
      6.689093723366568e-15,
      1.3444106938820255e-16,
      3.333921680392926e-18,
      3.1827066537684854e-25,
      5.997059441009451e-24,
      0.0,
      0.0,
      0.0,
      0.0,
      0.0,
      3.481659405224491e-12
    ],
    "3": [
      6.794929504394531e-06,
      9.000301361083984e-06,
      1.055002212524414e-05,
      9.715557098388672e-06,
      9.119510650634766e-06,
      1.0311603546142578e-05,
      2.300739288330078e-05,
      1.4901161193847656e-05,
      1.4066696166992188e-05,
      1.537799835205078e-05,
      2.8014183044433594e-05,
      2.384185791015625e-05,
      1.0132789611816406e-05,
      2.6464462280273438e-05,
      3.743171691894531e-05,
      1.9073486328125e-05,
      3.361701965332031e-05,
      1.8477439880371094e-05,
      1.055002212524414e-05,
      5.424022674560547e-06,
      1.55717134475708e-06,
      1.2442469596862793e-06,
      1.601874828338623e-06,
      4.7963112592697144e-08,
      3.4015101846307516e-10,
      2.0804691303055733e-11,
      9.270362255620057e-15,
      1.0451708942760263e-16,
      3.9810548520952116e-19,
      2.706108449270159e-26,
      8.737095220091355e-24,
      0.0,
      0.0,
      0.0,
      0.0,
      0.0,
      1.8616219676914625e-12
    ],
    "6": [
      6.884336471557617e-06,
      9.179115295410156e-06,
      1.0788440704345703e-05,
      1.049041748046875e-05,
      9.298324584960938e-06,
      9.179115295410156e-06,
      1.633167266845703e-05,
      1.0311603546142578e-05,
      1.138448715209961e-05,
      8.940696716308594e-06,
      1.71661376953125e-05,
      1.1920928955078125e-05,
      7.808208465576172e-06,
      1.9788742065429688e-05,
      2.3484230041503906e-05,
      1.7762184143066406e-05,
      2.9206275939941406e-05,
      1.7523765563964844e-05,
      8.821487426757812e-06,
      5.4836273193359375e-06,
      1.30385160446167e-06,
      1.0281801223754883e-06,
      1.2069940567016602e-06,
      8.381903171539307e-08,
      5.638867150992155e-10,
      6.320988177321851e-11,
      2.6645352591003757e-13,
      1.071365218763276e-14,
      7.155734338404329e-17,
      2.1713491079516976e-24,
      7.899574849881414e-23,
      0.0,
      0.0,
      0.0,
      0.0,
      0.0,
      2.7142732506035827e-12
    ]
  },
  "video_name": "sweep_total_transitions_c5_f0.5_s2_d24.0_total_transitions_s57212.mp4",
  "cohort": "cohort_B",
  "prompt": "How many color changes occurred in total? Show your reasoning step-by-step and put the final numeric count in \\boxed{}.",
  "generated_response": "Let's analyze the video frame by frame to count the total number of color changes.\n\nThe video starts at 0.0 seconds with a **yellow** circle.\n\nAt 0.2 seconds, the circle changes to **pink** (or magenta).\n\nAt 0.4 seconds, the circle changes to **purple**.\n\nAt 0.5 seconds, the circle changes to **pinkish-brown** (or mauve).\n\nAt 0.6 seconds, the circle changes to **orange**.\n\nAt 0.7 seconds, the circle changes back to **yellow**.\n\nAt 0.8 seconds, the circle remains **yellow**.\n\nAt 0.9 seconds, the circle changes to **purple** again.\n\nFrom 1.0 to 1.9 seconds, the circle remains **purple**.\n\nNow, let's list each distinct color change:\n\n1. **0.0s \u2192 0.2s**: Yellow \u2192 Pink (1st change)\n2. **0.2s \u2192 0.4s**: Pink \u2192 Purple (2nd change)\n3. **0.4s \u2192 0.5s**: Purple \u2192 Pinkish-brown (3rd change)\n4. **0.5s \u2192 0.6s**: Pinkish-brown \u2192 Orange (4th change)\n5. **0.6s \u2192 0.7s**: Orange \u2192 Yellow (5th change)\n6. **0.7s \u2192 0.9s**: Yellow \u2192 Purple (6th change)\n\nAfter 0.9s, the color remains purple until the end.\n\nSo, there are **6** distinct color changes.\n\nFinal answer: \\boxed{6}"
}