{
  "num_layers": 36,
  "correct_token": "2",
  "correct_probs": [
    6.8247318267822266e-06,
    8.285045623779297e-06,
    9.119510650634766e-06,
    8.285045623779297e-06,
    7.808208465576172e-06,
    8.940696716308594e-06,
    2.2292137145996094e-05,
    1.1682510375976562e-05,
    1.4185905456542969e-05,
    1.3589859008789062e-05,
    3.790855407714844e-05,
    2.384185791015625e-05,
    1.2516975402832031e-05,
    2.5987625122070312e-05,
    2.5987625122070312e-05,
    1.8715858459472656e-05,
    2.8848648071289062e-05,
    1.341104507446289e-05,
    9.357929229736328e-06,
    4.678964614868164e-06,
    1.0728836059570312e-06,
    1.0356307029724121e-06,
    4.302710294723511e-07,
    3.5157427191734314e-08,
    1.7917045624926686e-10,
    1.5802470443304628e-11,
    3.4861002973229915e-14,
    3.2959746043559335e-17,
    1.5937771935536915e-17,
    1.307979343599475e-23,
    1.7887780746459223e-23,
    0.0,
    0.0,
    0.0,
    0.0,
    0.0,
    2.9331204132176936e-11
  ],
  "alternative_probs": {
    "1": [
      6.854534149169922e-06,
      9.238719940185547e-06,
      9.953975677490234e-06,
      1.0132789611816406e-05,
      1.0251998901367188e-05,
      1.1801719665527344e-05,
      3.0517578125e-05,
      1.8477439880371094e-05,
      1.9550323486328125e-05,
      1.8715858459472656e-05,
      5.936622619628906e-05,
      4.38690185546875e-05,
      2.2292137145996094e-05,
      4.0531158447265625e-05,
      3.6716461181640625e-05,
      4.8160552978515625e-05,
      6.389617919921875e-05,
      3.743171691894531e-05,
      2.2649765014648438e-05,
      1.6927719116210938e-05,
      5.3942203521728516e-06,
      5.066394805908203e-06,
      8.165836334228516e-06,
      3.91155481338501e-07,
      8.556526154279709e-09,
      5.857145879417658e-10,
      3.566924533515703e-12,
      1.3378187446733136e-14,
      8.770761894538737e-15,
      3.5998900258307764e-20,
      2.5516867536035798e-20,
      0.0,
      0.0,
      0.0,
      0.0,
      0.0,
      3.91155481338501e-07
    ],
    "0": [
      6.765127182006836e-06,
      8.046627044677734e-06,
      7.3015689849853516e-06,
      7.867813110351562e-06,
      7.987022399902344e-06,
      7.271766662597656e-06,
      1.895427703857422e-05,
      1.2159347534179688e-05,
      1.537799835205078e-05,
      1.3113021850585938e-05,
      3.266334533691406e-05,
      2.0742416381835938e-05,
      1.1086463928222656e-05,
      1.990795135498047e-05,
      1.8835067749023438e-05,
      1.728534698486328e-05,
      3.3855438232421875e-05,
      2.658367156982422e-05,
      1.6808509826660156e-05,
      1.239776611328125e-05,
      6.407499313354492e-06,
      5.841255187988281e-06,
      2.339482307434082e-06,
      9.452924132347107e-08,
      8.985807653516531e-10,
      3.0377123039215803e-10,
      1.6342482922482304e-12,
      4.884981308350689e-15,
      9.853229343548264e-16,
      1.2506970861801778e-21,
      3.2954875604112623e-21,
      0.0,
      0.0,
      0.0,
      0.0,
      0.0,
      1.7848833522293717e-11
    ],
    "3": [
      6.794929504394531e-06,
      9.000301361083984e-06,
      1.0669231414794922e-05,
      9.834766387939453e-06,
      9.179115295410156e-06,
      1.049041748046875e-05,
      2.372264862060547e-05,
      1.5497207641601562e-05,
      1.4722347259521484e-05,
      1.5974044799804688e-05,
      2.849102020263672e-05,
      2.396106719970703e-05,
      1.0013580322265625e-05,
      2.586841583251953e-05,
      3.552436828613281e-05,
      1.7881393432617188e-05,
      3.147125244140625e-05,
      1.800060272216797e-05,
      1.049041748046875e-05,
      5.632638931274414e-06,
      1.8477439880371094e-06,
      1.6391277313232422e-06,
      1.952052116394043e-06,
      4.7264620661735535e-08,
      3.965396899729967e-10,
      1.8758328224066645e-11,
      1.787459069646502e-14,
      2.5695591487906455e-17,
      4.363913744254155e-18,
      2.4169183523033777e-24,
      2.68833699079734e-23,
      0.0,
      0.0,
      0.0,
      0.0,
      0.0,
      2.2595258997171186e-12
    ]
  },
  "video_name": "sweep_total_transitions_c2_f0.5_s9_d24.0_total_transitions_s34212.mp4",
  "cohort": "cohort_A",
  "prompt": "How many color changes occurred in total? Show your reasoning step-by-step and put the final numeric count in \\boxed{}.",
  "generated_response": "Let's analyze the video frame by frame to count the number of color changes.\n\n- At **0.0 seconds**, the circle is **yellow**.\n- At **0.3 seconds**, the circle changes to **red**. \u2192 This is the **first color change**.\n- At **0.4 seconds**, the circle changes to **orange**. \u2192 This is the **second color change**.\n- From **0.5 seconds to 1.9 seconds**, the circle remains **orange** and does not change color.\n\nSo, we have two distinct color changes:\n1. Yellow \u2192 Red\n2. Red \u2192 Orange\n\nTherefore, the total number of color changes is **2**.\n\n\\boxed{2}"
}