{
  "num_layers": 36,
  "correct_token": "5",
  "correct_probs": [
    6.8247318267822266e-06,
    8.761882781982422e-06,
    9.715557098388672e-06,
    8.404254913330078e-06,
    7.271766662597656e-06,
    7.18235969543457e-06,
    1.4185905456542969e-05,
    9.000301361083984e-06,
    9.000301361083984e-06,
    9.47713851928711e-06,
    2.384185791015625e-05,
    1.0311603546142578e-05,
    7.063150405883789e-06,
    1.0967254638671875e-05,
    2.3126602172851562e-05,
    2.6464462280273438e-05,
    3.218650817871094e-05,
    1.1682510375976562e-05,
    3.457069396972656e-05,
    2.1338462829589844e-05,
    4.649162292480469e-05,
    3.743171691894531e-05,
    4.482269287109375e-05,
    2.1219253540039062e-05,
    2.1606683731079102e-07,
    8.032657206058502e-09,
    3.841705620288849e-09,
    4.729372449219227e-10,
    3.751665644813329e-12,
    8.049116928532385e-15,
    2.1510571102112408e-16,
    3.802513859341161e-15,
    4.085620730620576e-14,
    1.3642420526593924e-11,
    0.734375,
    1.0,
    0.78515625
  ],
  "alternative_probs": {
    "4": [
      6.705522537231445e-06,
      8.702278137207031e-06,
      1.0013580322265625e-05,
      8.463859558105469e-06,
      8.404254913330078e-06,
      8.106231689453125e-06,
      1.6927719116210938e-05,
      1.0251998901367188e-05,
      1.1205673217773438e-05,
      1.0073184967041016e-05,
      2.1457672119140625e-05,
      1.049041748046875e-05,
      6.3478946685791016e-06,
      8.821487426757812e-06,
      1.3232231140136719e-05,
      1.8358230590820312e-05,
      2.86102294921875e-05,
      8.881092071533203e-06,
      1.800060272216797e-05,
      1.3589859008789062e-05,
      2.288818359375e-05,
      4.315376281738281e-05,
      6.961822509765625e-05,
      2.8967857360839844e-05,
      6.891787052154541e-07,
      2.3283064365386963e-08,
      2.828892320394516e-08,
      2.0721927285194397e-08,
      3.0740920919924974e-10,
      8.739675649849232e-13,
      3.197442310920451e-14,
      1.2612133559741778e-13,
      9.308109838457312e-13,
      2.2509993868879974e-11,
      0.09912109375,
      4.5299530029296875e-05,
      0.1748046875
    ],
    "3": [
      6.794929504394531e-06,
      9.059906005859375e-06,
      1.049041748046875e-05,
      9.417533874511719e-06,
      8.881092071533203e-06,
      1.0192394256591797e-05,
      2.193450927734375e-05,
      1.3470649719238281e-05,
      1.4007091522216797e-05,
      1.5497207641601562e-05,
      3.218650817871094e-05,
      1.633167266845703e-05,
      7.420778274536133e-06,
      1.7762184143066406e-05,
      2.8133392333984375e-05,
      2.4557113647460938e-05,
      3.6716461181640625e-05,
      1.329183578491211e-05,
      3.409385681152344e-05,
      1.7642974853515625e-05,
      6.246566772460938e-05,
      0.0002155303955078125,
      0.0002498626708984375,
      5.0067901611328125e-05,
      2.584420144557953e-08,
      7.799826562404633e-09,
      5.238689482212067e-09,
      2.9831426218152046e-09,
      2.8535396268125623e-11,
      1.6861512186494565e-15,
      8.456776945386935e-17,
      2.7321894746634712e-17,
      3.0791341698588326e-17,
      1.3552527156068805e-18,
      1.178705133497715e-09,
      1.2790197503539935e-19,
      0.0004329681396484375
    ],
    "6": [
      6.884336471557617e-06,
      9.298324584960938e-06,
      1.0669231414794922e-05,
      1.0192394256591797e-05,
      9.000301361083984e-06,
      9.000301361083984e-06,
      1.5854835510253906e-05,
      9.953975677490234e-06,
      1.150369644165039e-05,
      9.179115295410156e-06,
      1.71661376953125e-05,
      8.165836334228516e-06,
      6.67572021484375e-06,
      1.6927719116210938e-05,
      2.2411346435546875e-05,
      2.491474151611328e-05,
      3.62396240234375e-05,
      1.3887882232666016e-05,
      2.944469451904297e-05,
      1.52587890625e-05,
      4.363059997558594e-05,
      2.8252601623535156e-05,
      2.8967857360839844e-05,
      6.258487701416016e-06,
      5.145557224750519e-08,
      1.501757651567459e-08,
      8.09086486697197e-09,
      4.627509042620659e-09,
      1.2823875294998288e-10,
      4.1389114358025836e-13,
      5.218048215738236e-15,
      6.750155989720952e-14,
      2.3447910280083306e-13,
      5.002220859751105e-12,
      0.00384521484375,
      8.307397365570068e-07,
      0.0390625
    ]
  },
  "video_name": "sweep_total_transitions_c5_f0.5_s2_d24.0_total_transitions_s57212.mp4",
  "cohort": "cohort_B",
  "prompt": "How many color changes occurred in total? Answer with a single numeric count only inside \\boxed{} with no other text.",
  "generated_response": "5"
}