{
  "num_layers": 36,
  "correct_token": "2",
  "correct_probs": [
    6.8247318267822266e-06,
    8.344650268554688e-06,
    9.059906005859375e-06,
    8.046627044677734e-06,
    7.68899917602539e-06,
    8.881092071533203e-06,
    2.1576881408691406e-05,
    1.1563301086425781e-05,
    1.5020370483398438e-05,
    1.5616416931152344e-05,
    4.4345855712890625e-05,
    1.704692840576172e-05,
    9.894371032714844e-06,
    2.002716064453125e-05,
    2.086162567138672e-05,
    2.0503997802734375e-05,
    2.765655517578125e-05,
    9.894371032714844e-06,
    2.5391578674316406e-05,
    1.5735626220703125e-05,
    3.981590270996094e-05,
    2.4557113647460938e-05,
    1.9550323486328125e-05,
    5.3942203521728516e-06,
    6.511982064694166e-10,
    3.0411229090532288e-12,
    1.4733814168721437e-10,
    6.394884621840902e-12,
    6.394884621840902e-12,
    5.117434254131581e-17,
    3.4728350837426314e-19,
    1.8530954548623413e-11,
    1.318767317570746e-10,
    3.0547380447387695e-07,
    1.0,
    1.0,
    1.0
  ],
  "alternative_probs": {
    "1": [
      6.854534149169922e-06,
      9.298324584960938e-06,
      9.894371032714844e-06,
      9.834766387939453e-06,
      1.0251998901367188e-05,
      1.2040138244628906e-05,
      2.9802322387695312e-05,
      1.7642974853515625e-05,
      2.0384788513183594e-05,
      2.086162567138672e-05,
      6.67572021484375e-05,
      3.0517578125e-05,
      1.728534698486328e-05,
      3.0279159545898438e-05,
      3.075599670410156e-05,
      6.341934204101562e-05,
      6.961822509765625e-05,
      1.9788742065429688e-05,
      4.673004150390625e-05,
      3.170967102050781e-05,
      3.814697265625e-05,
      2.384185791015625e-05,
      1.2993812561035156e-05,
      2.7865171432495117e-06,
      1.2164491636212915e-11,
      8.534839501805891e-16,
      2.3175905639050143e-15,
      4.824699667560495e-18,
      3.3881317890172014e-19,
      1.0450829272367964e-26,
      4.935195482492292e-34,
      1.1339875512552045e-29,
      3.2048677980818847e-34,
      5.905683618531172e-35,
      1.0758124298725575e-34,
      0.0,
      4.1443854570388794e-08
    ],
    "0": [
      6.765127182006836e-06,
      8.046627044677734e-06,
      7.331371307373047e-06,
      7.748603820800781e-06,
      8.106231689453125e-06,
      7.510185241699219e-06,
      1.895427703857422e-05,
      1.1980533599853516e-05,
      1.5854835510253906e-05,
      1.3470649719238281e-05,
      3.3855438232421875e-05,
      1.4424324035644531e-05,
      9.238719940185547e-06,
      1.7881393432617188e-05,
      1.6570091247558594e-05,
      2.753734588623047e-05,
      3.457069396972656e-05,
      1.2755393981933594e-05,
      3.123283386230469e-05,
      2.6941299438476562e-05,
      2.968311309814453e-05,
      7.748603820800781e-06,
      2.5033950805664062e-06,
      1.8812716007232666e-07,
      8.384404281969182e-13,
      4.649058915617843e-16,
      1.8041124150158794e-16,
      4.2351647362715017e-19,
      1.8925892415213273e-21,
      1.0255191767873153e-28,
      4.020190679812223e-36,
      5.300159206953673e-31,
      1.8642605720072216e-38,
      0.0,
      2.497925495497361e-37,
      0.0,
      9.74978320300579e-10
    ],
    "3": [
      6.794929504394531e-06,
      9.059906005859375e-06,
      1.055002212524414e-05,
      9.5367431640625e-06,
      8.940696716308594e-06,
      1.049041748046875e-05,
      2.276897430419922e-05,
      1.4185905456542969e-05,
      1.4603137969970703e-05,
      1.633167266845703e-05,
      3.2901763916015625e-05,
      1.6570091247558594e-05,
      7.361173629760742e-06,
      1.7404556274414062e-05,
      2.6941299438476562e-05,
      2.2292137145996094e-05,
      3.314018249511719e-05,
      1.2755393981933594e-05,
      3.2901763916015625e-05,
      1.430511474609375e-05,
      8.20159912109375e-05,
      0.00019359588623046875,
      0.00018787384033203125,
      4.4345855712890625e-05,
      7.683411240577698e-09,
      4.149569576838985e-12,
      1.6484591469634324e-11,
      1.7053025658242404e-13,
      3.375077994860476e-13,
      7.284483346386983e-19,
      2.5720147171570704e-24,
      1.531435568635775e-18,
      4.301339185275744e-23,
      2.5199230180815435e-20,
      1.5585406229479126e-18,
      1.1864468014524018e-27,
      2.753734588623047e-05
    ]
  },
  "video_name": "sweep_total_transitions_c2_f0.5_s9_d24.0_total_transitions_s34212.mp4",
  "cohort": "cohort_A",
  "prompt": "How many color changes occurred in total? Answer with a single numeric count only inside \\boxed{} with no other text.",
  "generated_response": "2"
}