{
  "num_layers": 36,
  "correct_token": "5",
  "correct_probs": [
    6.8247318267822266e-06,
    8.702278137207031e-06,
    9.834766387939453e-06,
    8.761882781982422e-06,
    7.62939453125e-06,
    7.62939453125e-06,
    1.5079975128173828e-05,
    1.0013580322265625e-05,
    9.894371032714844e-06,
    9.5367431640625e-06,
    1.919269561767578e-05,
    1.2159347534179688e-05,
    7.271766662597656e-06,
    1.2814998626708984e-05,
    1.990795135498047e-05,
    1.138448715209961e-05,
    1.895427703857422e-05,
    1.2099742889404297e-05,
    7.987022399902344e-06,
    2.384185791015625e-06,
    8.23289155960083e-07,
    1.1622905731201172e-06,
    1.1175870895385742e-06,
    1.601874828338623e-07,
    1.6916601452976465e-10,
    7.312337402254343e-10,
    1.9468870959826745e-12,
    3.574918139293004e-14,
    5.3290705182007514e-14,
    9.26442286059391e-21,
    2.701261687868481e-24,
    1.974830509381443e-35,
    0.0,
    0.0,
    0.0,
    0.0,
    5.002220859751105e-11
  ],
  "alternative_probs": {
    "4": [
      6.705522537231445e-06,
      8.58306884765625e-06,
      1.0132789611816406e-05,
      8.821487426757812e-06,
      8.702278137207031e-06,
      8.940696716308594e-06,
      1.811981201171875e-05,
      1.2040138244628906e-05,
      1.1801719665527344e-05,
      1.0609626770019531e-05,
      1.8477439880371094e-05,
      1.424551010131836e-05,
      7.4803829193115234e-06,
      1.1205673217773438e-05,
      1.6689300537109375e-05,
      1.3053417205810547e-05,
      2.0623207092285156e-05,
      1.0967254638671875e-05,
      4.4405460357666016e-06,
      2.950429916381836e-06,
      1.043081283569336e-06,
      9.462237358093262e-07,
      6.146728992462158e-07,
      4.1443854570388794e-08,
      2.9103830456733704e-11,
      1.4210854715202004e-11,
      1.1934897514720433e-14,
      7.41594285980085e-17,
      8.456776945386935e-17,
      4.4047367618448724e-23,
      1.040034217443382e-26,
      0.0,
      0.0,
      0.0,
      0.0,
      0.0,
      3.228706191293895e-11
    ],
    "3": [
      6.794929504394531e-06,
      9.000301361083984e-06,
      1.049041748046875e-05,
      9.715557098388672e-06,
      9.298324584960938e-06,
      1.0728836059570312e-05,
      2.300739288330078e-05,
      1.5616416931152344e-05,
      1.430511474609375e-05,
      1.5974044799804688e-05,
      2.6226043701171875e-05,
      2.205371856689453e-05,
      9.417533874511719e-06,
      2.1457672119140625e-05,
      3.0994415283203125e-05,
      1.4603137969970703e-05,
      2.86102294921875e-05,
      1.7762184143066406e-05,
      1.0013580322265625e-05,
      4.470348358154297e-06,
      1.4901161193847656e-06,
      1.5422701835632324e-06,
      1.8328428268432617e-06,
      7.404014468193054e-08,
      1.4370016288012266e-10,
      5.3432813729159534e-11,
      7.993605777301127e-14,
      2.237793284010081e-16,
      2.677979366039196e-17,
      6.72084247699335e-24,
      2.2012374699287113e-26,
      0.0,
      0.0,
      0.0,
      0.0,
      0.0,
      3.888089850079268e-11
    ],
    "6": [
      6.884336471557617e-06,
      9.179115295410156e-06,
      1.0848045349121094e-05,
      1.0728836059570312e-05,
      9.59634780883789e-06,
      9.715557098388672e-06,
      1.6689300537109375e-05,
      1.0907649993896484e-05,
      1.1622905731201172e-05,
      9.655952453613281e-06,
      1.6570091247558594e-05,
      1.0967254638671875e-05,
      7.3909759521484375e-06,
      1.621246337890625e-05,
      2.1219253540039062e-05,
      1.621246337890625e-05,
      2.968311309814453e-05,
      1.6927719116210938e-05,
      8.165836334228516e-06,
      3.7997961044311523e-06,
      9.5367431640625e-07,
      1.1026859283447266e-06,
      8.568167686462402e-07,
      8.66129994392395e-08,
      1.5825207810848951e-10,
      1.191438059322536e-10,
      1.4566126083082054e-12,
      2.0539125955565396e-14,
      3.094746681142624e-15,
      3.8050308177439273e-22,
      1.2682359001057163e-25,
      4.114230227878006e-37,
      0.0,
      0.0,
      0.0,
      0.0,
      1.6257217794191092e-11
    ]
  },
  "video_name": "sweep_count_blinks_c5_f0.5_s2_d24.0_count_blinks.mp4",
  "cohort": "cohort_B",
  "prompt": "How many times did the object flash? Show your reasoning step-by-step and put the final numeric count in \\boxed{}.",
  "generated_response": "Let's analyze the video frame by frame to determine how many times the object flashed.\n\nThe object is a green circle on a black background.\n\n- At 0.0 seconds: The green circle is visible.\n- At 0.1 seconds: The green circle is still visible.\n- At 0.2 seconds: The green circle is still visible.\n- At 0.3 seconds: The green circle is still visible.\n- At 0.4 seconds: The green circle is still visible.\n- At 0.5 seconds: The green circle is still visible.\n- At 0.6 seconds: The green circle is still visible.\n- At 0.7 seconds: The green circle is still visible.\n- At 0.8 seconds: The green circle is still visible.\n- At 0.9 seconds: The green circle is still visible.\n- At 1.0 seconds: The green circle is still visible.\n- At 1.1 seconds: The green circle is still visible.\n- At 1.2 seconds: The green circle is still visible.\n- At 1.3 seconds: The green circle is still visible.\n- At 1.4 seconds: The green circle is still visible.\n- At 1.5 seconds: The green circle is still visible.\n- At 1.6 seconds: The green circle is still visible.\n- At 1.7 seconds: The green circle is still visible.\n- At 1.8 seconds: The green circle is still visible.\n- At 1.9 seconds: The green circle is still visible.\n\nThere is no indication of the circle disappearing or changing in brightness to indicate a flash. The circle remains consistently visible throughout the entire duration.\n\nTherefore, the object did not flash at all.\n\nFinal answer: \\boxed{0}"
}