{
  "num_layers": 36,
  "correct_token": "2",
  "correct_probs": [
    6.8247318267822266e-06,
    8.344650268554688e-06,
    9.059906005859375e-06,
    8.225440979003906e-06,
    7.808208465576172e-06,
    9.357929229736328e-06,
    2.193450927734375e-05,
    1.2218952178955078e-05,
    1.3828277587890625e-05,
    1.2993812561035156e-05,
    3.361701965332031e-05,
    2.193450927734375e-05,
    1.0967254638671875e-05,
    1.9431114196777344e-05,
    2.086162567138672e-05,
    1.5497207641601562e-05,
    2.5153160095214844e-05,
    1.2099742889404297e-05,
    7.927417755126953e-06,
    3.5762786865234375e-06,
    8.940696716308594e-07,
    9.275972843170166e-07,
    4.842877388000488e-07,
    6.472691893577576e-08,
    1.90084392670542e-10,
    1.3005774235352874e-10,
    4.405364961712621e-13,
    9.506284648352903e-16,
    2.42861286636753e-16,
    1.910787214997494e-22,
    5.654554968624213e-26,
    1.212228549285484e-37,
    0.0,
    0.0,
    0.0,
    0.0,
    5.093170329928398e-10
  ],
  "alternative_probs": {
    "1": [
      6.854534149169922e-06,
      9.238719940185547e-06,
      9.953975677490234e-06,
      1.0132789611816406e-05,
      1.0311603546142578e-05,
      1.2159347534179688e-05,
      2.968311309814453e-05,
      1.8477439880371094e-05,
      1.8358230590820312e-05,
      1.6808509826660156e-05,
      5.030632019042969e-05,
      4.00543212890625e-05,
      1.9669532775878906e-05,
      3.337860107421875e-05,
      3.170967102050781e-05,
      4.220008850097656e-05,
      6.246566772460938e-05,
      3.7670135498046875e-05,
      1.990795135498047e-05,
      1.3053417205810547e-05,
      4.827976226806641e-06,
      4.410743713378906e-06,
      6.586313247680664e-06,
      6.631016731262207e-07,
      7.508788257837296e-09,
      3.812601789832115e-09,
      3.9335645851679146e-11,
      4.725109192804666e-13,
      2.1938006966593093e-13,
      5.183841637196318e-19,
      5.37667398159468e-23,
      1.151044068325184e-34,
      0.0,
      0.0,
      9.639053676742758e-36,
      1.5407439555097887e-32,
      1.8477439880371094e-05
    ],
    "0": [
      6.765127182006836e-06,
      7.927417755126953e-06,
      7.3015689849853516e-06,
      7.927417755126953e-06,
      7.867813110351562e-06,
      7.3015689849853516e-06,
      1.7642974853515625e-05,
      1.150369644165039e-05,
      1.4126300811767578e-05,
      1.1682510375976562e-05,
      2.777576446533203e-05,
      1.895427703857422e-05,
      1.043081283569336e-05,
      1.6450881958007812e-05,
      1.6450881958007812e-05,
      1.5020370483398438e-05,
      3.218650817871094e-05,
      2.5987625122070312e-05,
      1.5974044799804688e-05,
      1.0371208190917969e-05,
      5.9604644775390625e-06,
      5.5730342864990234e-06,
      2.637505531311035e-06,
      2.7008354663848877e-07,
      1.622538547962904e-09,
      3.3614924177527428e-09,
      4.888534022029489e-11,
      4.050093593832571e-13,
      5.728750807065808e-14,
      6.903318520122548e-20,
      3.081247781760028e-23,
      2.949080227342955e-34,
      0.0,
      0.0,
      0.0,
      0.0,
      2.710294211283326e-10
    ],
    "3": [
      6.794929504394531e-06,
      9.059906005859375e-06,
      1.055002212524414e-05,
      9.834766387939453e-06,
      9.119510650634766e-06,
      1.0728836059570312e-05,
      2.2649765014648438e-05,
      1.5497207641601562e-05,
      1.3589859008789062e-05,
      1.5020370483398438e-05,
      2.5153160095214844e-05,
      2.1457672119140625e-05,
      8.463859558105469e-06,
      1.9788742065429688e-05,
      2.8252601623535156e-05,
      1.4126300811767578e-05,
      2.7179718017578125e-05,
      1.728534698486328e-05,
      9.119510650634766e-06,
      4.559755325317383e-06,
      1.691281795501709e-06,
      1.55717134475708e-06,
      1.8104910850524902e-06,
      8.102506399154663e-08,
      2.710294211283326e-10,
      1.0368239600211382e-10,
      1.865174681370263e-13,
      4.2500725161431774e-16,
      3.707971429900425e-17,
      2.5849394142282115e-23,
      4.4024749398574227e-26,
      2.6999635870449416e-38,
      0.0,
      0.0,
      0.0,
      0.0,
      5.3432813729159534e-11
    ]
  },
  "video_name": "sweep_count_blinks_c2_f0.5_s9_d24.0_count_blinks.mp4",
  "cohort": "cohort_A",
  "prompt": "How many times did the object flash? Show your reasoning step-by-step and put the final numeric count in \\boxed{}.",
  "generated_response": "Let's analyze the video frame by frame to determine how many times the object (a blue triangle) flashed.\n\nThe video consists of the following frames:\n\n- **0.0 seconds**: The blue triangle is visible.\n- **0.1 seconds**: The blue triangle is still visible (no change).\n- **0.2 seconds**: The blue triangle turns darker (a flash or color change).\n- **0.3 seconds**: The blue triangle returns to its original color (another flash or color change).\n- **0.4 seconds**: The blue triangle is visible again (no change).\n- **0.5 seconds**: The blue triangle is visible (no change).\n- **0.6 seconds**: The blue triangle is visible (no change).\n- **0.7 seconds**: The blue triangle is visible (no change).\n- **0.8 seconds**: The blue triangle is visible (no change).\n- **0.9 seconds**: The blue triangle is visible (no change).\n- **1.0 seconds**: The blue triangle is visible (no change).\n- **1.1 seconds**: The blue triangle is visible (no change).\n- **1.2 seconds**: The blue triangle is visible (no change).\n- **1.3 seconds**: The blue triangle is visible (no change).\n- **1.4 seconds**: The blue triangle is visible (no change).\n- **1.5 seconds**: The blue triangle is visible (no change).\n- **1.6 seconds**: The blue triangle is visible (no change).\n- **1.7 seconds**: The blue triangle is visible (no change).\n- **1.8 seconds**: The blue triangle is visible (no change).\n- **1.9 seconds**: The blue triangle is visible (no change).\n\n### Step-by-step reasoning:\n\n1. **What is a \"flash\"?**  \n   In visual terms, a flash typically refers to a sudden change in appearance \u2014 such as a color change, brightness change, or disappearance/reappearance \u2014 that is brief and noticeable.\n\n2. **Identify changes in the triangle's appearance:**\n   - From **0.0 to 0.1 seconds**: No change.\n   - From **0.1 to 0.2 seconds**: The triangle turns darker \u2014 this is a flash.\n   - From **0.2 to 0.3 seconds**: The triangle returns to its original color \u2014 this is another flash.\n   - From **0.3 to 1.9 seconds**: No further changes.\n\n3."
}