{
  "num_layers": 36,
  "correct_token": "5",
  "correct_probs": [
    6.8247318267822266e-06,
    8.702278137207031e-06,
    9.775161743164062e-06,
    8.463859558105469e-06,
    7.510185241699219e-06,
    7.599592208862305e-06,
    1.4603137969970703e-05,
    9.5367431640625e-06,
    9.417533874511719e-06,
    1.0013580322265625e-05,
    2.2292137145996094e-05,
    9.834766387939453e-06,
    6.318092346191406e-06,
    9.47713851928711e-06,
    2.110004425048828e-05,
    2.0265579223632812e-05,
    2.6106834411621094e-05,
    1.0251998901367188e-05,
    2.682209014892578e-05,
    1.1742115020751953e-05,
    3.504753112792969e-05,
    1.5616416931152344e-05,
    7.033348083496094e-06,
    2.5331974029541016e-06,
    4.284083843231201e-07,
    4.936009645462036e-08,
    3.282912075519562e-08,
    4.729372449219227e-10,
    3.728928277269006e-11,
    1.4432899320127035e-14,
    4.291678123991005e-12,
    3.8413716652030416e-14,
    2.0274580625478933e-17,
    5.412337245047638e-16,
    1.2168044349891716e-13,
    2.1175823681357508e-19,
    0.000759124755859375
  ],
  "alternative_probs": {
    "4": [
      6.705522537231445e-06,
      8.64267349243164e-06,
      9.953975677490234e-06,
      8.404254913330078e-06,
      8.404254913330078e-06,
      8.404254913330078e-06,
      1.6808509826660156e-05,
      1.0728836059570312e-05,
      1.1563301086425781e-05,
      1.0728836059570312e-05,
      2.0623207092285156e-05,
      9.119510650634766e-06,
      5.990266799926758e-06,
      7.569789886474609e-06,
      1.1920928955078125e-05,
      1.4662742614746094e-05,
      2.5153160095214844e-05,
      7.808208465576172e-06,
      1.4603137969970703e-05,
      5.304813385009766e-06,
      1.0788440704345703e-05,
      8.404254913330078e-06,
      4.351139068603516e-06,
      1.6838312149047852e-06,
      5.513429641723633e-07,
      1.471489667892456e-07,
      4.377216100692749e-07,
      1.57160684466362e-08,
      9.022187441587448e-10,
      2.291500322826323e-13,
      1.5188561519607902e-10,
      7.787548383930698e-12,
      1.0613732115416497e-13,
      1.2676082405960187e-11,
      1.2048985809087753e-08,
      1.545430450278218e-13,
      0.00927734375
    ],
    "3": [
      6.794929504394531e-06,
      9.000301361083984e-06,
      1.0371208190917969e-05,
      9.298324584960938e-06,
      9.000301361083984e-06,
      1.049041748046875e-05,
      2.205371856689453e-05,
      1.424551010131836e-05,
      1.4543533325195312e-05,
      1.6450881958007812e-05,
      3.039836883544922e-05,
      1.519918441772461e-05,
      6.556510925292969e-06,
      1.436471939086914e-05,
      2.3484230041503906e-05,
      1.811981201171875e-05,
      3.0517578125e-05,
      1.2218952178955078e-05,
      2.7298927307128906e-05,
      1.049041748046875e-05,
      3.910064697265625e-05,
      5.6743621826171875e-05,
      1.7762184143066406e-05,
      5.841255187988281e-06,
      2.5704503059387207e-07,
      2.4400651454925537e-07,
      9.275972843170166e-07,
      8.754432201385498e-08,
      1.0652001947164536e-08,
      8.128608897095546e-12,
      5.675246939063072e-09,
      4.256435204297304e-10,
      3.319655661471188e-11,
      1.2281816452741623e-08,
      0.004150390625,
      1.3709068298339844e-06,
      0.23828125
    ],
    "6": [
      6.884336471557617e-06,
      9.238719940185547e-06,
      1.0728836059570312e-05,
      1.0371208190917969e-05,
      9.357929229736328e-06,
      9.59634780883789e-06,
      1.633167266845703e-05,
      1.0728836059570312e-05,
      1.1920928955078125e-05,
      9.894371032714844e-06,
      1.704692840576172e-05,
      7.68899917602539e-06,
      6.198883056640625e-06,
      1.3947486877441406e-05,
      1.8715858459472656e-05,
      2.0742416381835938e-05,
      3.218650817871094e-05,
      1.2099742889404297e-05,
      2.5987625122070312e-05,
      9.5367431640625e-06,
      3.409385681152344e-05,
      1.0132789611816406e-05,
      5.334615707397461e-06,
      6.444752216339111e-07,
      1.210719347000122e-07,
      7.776543498039246e-08,
      3.958120942115784e-08,
      7.166818249970675e-10,
      5.434230843093246e-11,
      3.863576125695545e-14,
      1.1652900866465643e-11,
      6.821210263296962e-13,
      9.783840404509192e-16,
      1.1546319456101628e-14,
      9.023892744153272e-13,
      9.486769009248164e-19,
      0.00035858154296875
    ]
  },
  "video_name": "sweep_count_blinks_c5_f0.5_s2_d24.0_count_blinks.mp4",
  "cohort": "cohort_B",
  "prompt": "How many times did the object flash? Answer with a single numeric count only inside \\boxed{} with no other text.",
  "generated_response": "2"
}