{
  "num_layers": 36,
  "correct_token": "2",
  "correct_probs": [
    6.8247318267822266e-06,
    8.344650268554688e-06,
    9.000301361083984e-06,
    7.987022399902344e-06,
    7.599592208862305e-06,
    9.000301361083984e-06,
    2.0384788513183594e-05,
    1.1622905731201172e-05,
    1.430511474609375e-05,
    1.4483928680419922e-05,
    3.910064697265625e-05,
    1.633167266845703e-05,
    8.64267349243164e-06,
    1.5735626220703125e-05,
    1.704692840576172e-05,
    1.633167266845703e-05,
    2.3365020751953125e-05,
    8.106231689453125e-06,
    1.7642974853515625e-05,
    8.046627044677734e-06,
    2.6702880859375e-05,
    2.1219253540039062e-05,
    2.586841583251953e-05,
    4.76837158203125e-06,
    5.587935447692871e-08,
    1.1292286217212677e-08,
    7.404014468193054e-08,
    3.632158041000366e-08,
    3.2378011383116245e-10,
    2.19824158875781e-14,
    1.2369127944111824e-10,
    2.114575181622058e-11,
    3.154809746774845e-12,
    1.4915713109076023e-09,
    0.00860595703125,
    1.0,
    0.97265625
  ],
  "alternative_probs": {
    "1": [
      6.854534149169922e-06,
      9.298324584960938e-06,
      9.894371032714844e-06,
      9.715557098388672e-06,
      1.0073184967041016e-05,
      1.2099742889404297e-05,
      2.7894973754882812e-05,
      1.71661376953125e-05,
      1.895427703857422e-05,
      1.8596649169921875e-05,
      5.8650970458984375e-05,
      2.956390380859375e-05,
      1.5020370483398438e-05,
      2.5987625122070312e-05,
      2.6345252990722656e-05,
      5.2928924560546875e-05,
      6.866455078125e-05,
      1.7404556274414062e-05,
      3.2901763916015625e-05,
      1.8477439880371094e-05,
      3.600120544433594e-05,
      3.24249267578125e-05,
      2.014636993408203e-05,
      5.0067901611328125e-06,
      4.452886059880257e-09,
      9.322320693172514e-11,
      1.191438059322536e-10,
      5.5990767577895895e-12,
      3.58046925441613e-15,
      6.511565782017434e-21,
      1.3552527156068805e-18,
      1.6305384234645282e-20,
      1.5613034061938397e-23,
      2.274746684520826e-23,
      4.6798570335800094e-20,
      3.864587821847745e-21,
      0.000888824462890625
    ],
    "0": [
      6.765127182006836e-06,
      7.987022399902344e-06,
      7.331371307373047e-06,
      7.808208465576172e-06,
      7.927417755126953e-06,
      7.361173629760742e-06,
      1.704692840576172e-05,
      1.1026859283447266e-05,
      1.4185905456542969e-05,
      1.1563301086425781e-05,
      2.872943878173828e-05,
      1.3589859008789062e-05,
      8.64267349243164e-06,
      1.609325408935547e-05,
      1.5079975128173828e-05,
      2.3245811462402344e-05,
      3.266334533691406e-05,
      1.1861324310302734e-05,
      3.0159950256347656e-05,
      2.9087066650390625e-05,
      7.05718994140625e-05,
      4.363059997558594e-05,
      2.9325485229492188e-05,
      4.9173831939697266e-06,
      2.663000486791134e-09,
      3.5288394428789616e-10,
      3.0740920919924974e-10,
      2.489741746103391e-11,
      5.384581669432009e-15,
      1.1593763465543236e-20,
      4.1165801236558996e-19,
      1.4094628242311558e-17,
      4.1152235474513127e-23,
      9.884808320008681e-23,
      3.6422416731934915e-20,
      6.462348535570529e-26,
      0.0001201629638671875
    ],
    "3": [
      6.794929504394531e-06,
      9.059906005859375e-06,
      1.0371208190917969e-05,
      9.417533874511719e-06,
      8.821487426757812e-06,
      1.0371208190917969e-05,
      2.086162567138672e-05,
      1.3589859008789062e-05,
      1.3232231140136719e-05,
      1.5139579772949219e-05,
      2.849102020263672e-05,
      1.5497207641601562e-05,
      6.079673767089844e-06,
      1.3768672943115234e-05,
      2.2172927856445312e-05,
      1.8358230590820312e-05,
      3.123283386230469e-05,
      1.2278556823730469e-05,
      2.7418136596679688e-05,
      1.2099742889404297e-05,
      4.6253204345703125e-05,
      6.246566772460938e-05,
      2.467632293701172e-05,
      8.225440979003906e-06,
      2.130400389432907e-08,
      1.280568540096283e-08,
      2.1187588572502136e-08,
      2.1827872842550278e-09,
      3.410605131648481e-11,
      7.042977312465837e-16,
      5.7696070143720135e-12,
      3.6415315207705135e-13,
      6.078471059822732e-15,
      6.906475391588174e-12,
      1.2934207916259766e-05,
      2.066371962428093e-09,
      0.0228271484375
    ]
  },
  "video_name": "sweep_count_blinks_c2_f0.5_s9_d24.0_count_blinks.mp4",
  "cohort": "cohort_A",
  "prompt": "How many times did the object flash? Answer with a single numeric count only inside \\boxed{} with no other text.",
  "generated_response": "2"
}